[
    {
        "type": "ownership",
        "weight": 0.90013963,
        "source": "Spanish Shrimp  Carriers",
        "target": "12744",
        "sourceX": 1088,
        "sourceY": 105,
        "targetX": 1095,
        "targetY": 147
    },
    {
        "type": "partnership",
        "weight": 0.8458973,
        "source": "Spanish Shrimp  Carriers",
        "target": "21323516",
        "sourceX": 1088,
        "sourceY": 105,
        "targetX": 219,
        "targetY": 763
    },
    {
        "type": "partnership",
        "weight": 0.9648761,
        "source": "Spanish Shrimp  Carriers",
        "target": "290834957",
        "sourceX": 1088,
        "sourceY": 105,
        "targetX": 1185,
        "targetY": 695
    },
    {
        "type": "ownership",
        "weight": 0.9642126,
        "source": "Spanish Shrimp  Carriers",
        "target": "3506021",
        "sourceX": 1088,
        "sourceY": 105,
        "targetX": 1308,
        "targetY": 280
    },
    {
        "type": "family_relationship",
        "weight": 0.82348585,
        "source": "Spanish Shrimp  Carriers",
        "target": "Convention\u00e2",
        "sourceX": 1088,
        "sourceY": 105,
        "targetX": 1266,
        "targetY": 815
    },
    {
        "type": "family_relationship",
        "weight": 0.8931523,
        "source": "Spanish Shrimp  Carriers",
        "target": "2262",
        "sourceX": 1088,
        "sourceY": 105,
        "targetX": 1367,
        "targetY": 227
    },
    {
        "type": "family_relationship",
        "weight": 0.8393061,
        "source": "Spanish Shrimp  Carriers",
        "target": "Ashley Davis",
        "sourceX": 1088,
        "sourceY": 105,
        "targetX": 1220,
        "targetY": 621
    },
    {
        "type": "family_relationship",
        "weight": 0.88508075,
        "source": "Spanish Shrimp  Carriers",
        "target": "924",
        "sourceX": 1088,
        "sourceY": 105,
        "targetX": 24,
        "targetY": 571
    },
    {
        "type": "family_relationship",
        "weight": 0.8865156,
        "source": "Spanish Shrimp  Carriers",
        "target": "95",
        "sourceX": 1088,
        "sourceY": 105,
        "targetX": 119,
        "targetY": 165
    },
    {
        "type": "membership",
        "weight": 0.8986875,
        "source": "Spanish Shrimp  Carriers",
        "target": "Ancla Azul Company Solutions",
        "sourceX": 1088,
        "sourceY": 105,
        "targetX": 582,
        "targetY": 402
    }
]